full_name,gender,email,address,city,state,zip,score,date
Anton&Clayborn,0,aclayborn3c@flavors.me,-1,,Minnesota,55446,3,1/1/2017
Bobby&Wyld,0,bwyld4c@google.co.jp,040 Marcy Junction,Oakland,California,94622,2,1/1/2017
Bartholomew&Poulett,0,bpoulett4k@mapquest.com,81 Derek Plaza,El Paso,Texas,88584,1,1/1/2017
Lexi&Manginot,0,lmanginotc0@boston.com,6393 Lerdahl Center,Las Vegas,,89105,8,1/1/2017
Winn&Worling,1,wworling2g@instagram.com,09 Lyons Pass,Denver,Colorado,80223,4,1/1/2017
Cad&Ziemsen,1,cziemsen9m@guardian.co.uk,60 Cottonwood Road,Los Angeles,California,90081,4,1/1/2017
Valerye&Onions,0,vonionss@macromedia.com,9 Hazelcrest Way,Gatesville,,76598,4,1/2/2017
Danell&Crame,0,dcrame37@people.com.cn,7 Morning Circle,Louisville,Kentucky,40225,6,1/2/2017
Thekla&Linstead,1,tlinstead34@technorati.com,321 3rd Place,,Michigan,49444,8,1/2/2017
Lezlie&Elegood,1,lelegood3i@npr.org,915 Orin Lane,Vancouver,Washington,98682,10,1/2/2017
Wini&Wigfield,1,wwigfield3r@columbia.edu,7175 Sunnyside Terrace,Los Angeles,,90087,5,1/2/2017
Clea&Drynan,1,cdrynan8f@dropbox.com,9 Amoth Circle,Denton,Texas,76210,1,1/2/2017
Verine&Aleevy,0,valeevy7d@nydailynews.com,94930 Moose Lane,Nashville,Tennessee,37245,8,1/3/2017
Sylas&Daborne,1,sdaborne1f@cmu.edu,11712 Anthes Hill,Spartanburg,South Carolina,29305,10,1/3/2017
Sean&Sphinxe,1,ssphinxe6d@census.gov,293 Thompson Alley,Richmond,Virginia,23277,3,1/3/2017
Esdras&Cumbridge,1,ecumbridge93@msn.com,9390 Melrose Junction,Athens,Georgia,30605,2,1/3/2017
Parke&Lidster,1,plidsteraf@ucla.edu,3 Towne Terrace,Washington,,20370,10,1/3/2017
Gabbie&Haffard,1,ghaffardc8@jalbum.net,8383 Kropf Trail,West Palm Beach,,33416,5,1/3/2017
Charil&Lynde,0,clynde55@pen.io,706 Coleman Junction,Corpus Christi,Texas,78426,1,1/4/2017
Holly&Bowmen,0,hbowmen8y@narod.ru,018 Esker Crossing,Fullerton,California,92835,7,1/4/2017
Grantley&Robben,Male,grobben6s@google.nl,12 Milwaukee Point,Buffalo,New York,14225,2,1/6/2017
Kim&Antonin,1,kantonin6k@apple.com,82379 Jackson Crossing,Pensacola,Florida,32511,8,1/6/2017
Melissa&Dowson,1,mdowson7s@so-net.ne.jp,17 Mccormick Way,San Jose,California,95138,8,1/6/2017
Gillian&Tiffin,1,gtiffin9v@usgs.gov,6781 Fairfield Alley,Brockton,Massachusetts,2305,3,1/6/2017
Bari&Bellew,1,bbellewbe@spiegel.de,9 Dayton Drive,Charlotte,North Carolina,28230,9,1/6/2017
Holli&Clara,1,hclara3f@deviantart.com,9 Randy Trail,Richmond,Virginia,23203,3,1/7/2017
Aprilette&Kmieciak,1,akmieciakcb@a8.net,838 Porter Crossing,Atlanta,Georgia,30301,1,1/7/2017
Calli&Van Der Straaten,0,cvanderstraaten7x@tuttocitta.it,06 Ridgeway Street,Philadelphia,Pennsylvania,19125,6,1/8/2017
Pinchas&Farrants,0,pfarrantsag@thetimes.co.uk,80 Warner Alley,Tampa,Florida,33620,1,1/8/2017
Eduino&Calley,0,,9 South Crossing,Scottsdale,Arizona,85271,10,1/8/2017
Cissy&Folca,1,,809 Nobel Avenue,,Arizona,85710,8,1/8/2017
Nevins&Goldup,1,,67172 Veith Trail,Tampa,Florida,33633,9,1/8/2017
Emory&Van Son,1,evansonb3@webmd.com,45 Sachs Crossing,Des Moines,Iowa,50981,8,1/8/2017
Kizzie&Esparza,1,kesparzadi@squidoo.com,03936 Clemons Trail,Boston,Massachusetts,2109,4,1/8/2017
Marylin&Lorans,0,mlorans25@yandex.ru,8 Pine View Alley,,Texas,75367,10,1/9/2017
Shanie&Abramski,0,sabramski3j@amazon.co.jp,5537 Mcbride Trail,Waterloo,,50706,2,1/9/2017
Agnella&Mc Grath,0,amcgrathad@noaa.gov,205 Caliangt Junction,Houston,Texas,77234,7,1/9/2017
Blake&Bernhardt,0,bbernhardtd0@nba.com,4558 Forster Lane,Phoenix,Arizona,85045,3,1/9/2017
Ferd&Assandri,1,fassandri1a@1und1.de,065 Ruskin Road,New York City,New York,10115,2,1/9/2017
Georgeanne&Starbucke,1,gstarbucke1r@loc.gov,665 Forster Parkway,Memphis,Tennessee,38109,2,1/9/2017
Earlie&MacCumiskey,1,emaccumiskeycj@nba.com,0 Shopko Junction,Wichita,Kansas,67215,7,1/9/2017
Laurette&Derks,0,lderks2e@discovery.com,200 Amoth Road,Columbia,Missouri,,6,1/10/2017
Cathlene&Dalyiel,0,cdalyiel7y@ifeng.com,5 Jenifer Junction,Norwalk,Connecticut,6854,8,1/10/2017
Gregoire&Verrechia,1,gverrechiabq@icio.us,05 Saint Paul Crossing,Colorado Springs,Colorado,80910,9,1/10/2017
Audrie&Dotterill,1,,7 Northview Lane,Jacksonville,Florida,32225,3,1/10/2017
Dahlia&Piggens,0,dpiggens3w@webnode.com,5 Del Mar Trail,,Washington,,6,1/11/2017
Mary&Molloy,0,mmolloy6b@weather.com,073 Warbler Lane,Pensacola,Florida,32511,4,1/11/2017
Kirk&Mandel,1,kmandel40@slashdot.org,38501 Westerfield Street,New Orleans,Louisiana,70154,2,1/11/2017
Papagena&Whiston,1,pwhiston84@usgs.gov,9 Westridge Road,Portsmouth,Virginia,23705,5,1/11/2017
Andonis&Gifford,1,agifforda8@discuz.net,68 Clemons Avenue,Long Beach,California,90847,2,1/11/2017
Cally&Dransfield,1,cdransfieldca@redcross.org,958 Grim Crossing,North Port,Florida,34290,10,1/11/2017
Raynell&Morfey,0,rmorfey2n@baidu.com,19 Warrior Point,Madison,Wisconsin,,3,1/12/2017
Willie&Wagner,0,,7 Center Road,New York City,New York,10045,2,1/12/2017
Austen&Grealey,0,agrealeyb6@goodreads.com,43145 Sachs Street,Grand Rapids,Michigan,49510,3,1/12/2017
Thedric&Bilovus,1,tbilovus32@yahoo.co.jp,95450 Vahlen Court,Rochester,New York,14614,8,1/12/2017
Hanson&Claesens,1,hclaesensa7@hostgator.com,856 5th Road,Dallas,Texas,75353,5,1/12/2017
Seamus&Konzelmann,0,skonzelmann59@ihg.com,83 Algoma Plaza,New York City,New York,10019,8,1/13/2017
Kenton&Clemo,1,kclemo6j@rambler.ru,6 Lakewood Avenue,Des Moines,Iowa,50335,7,1/13/2017
Marya&Stot,1,mstot8r@who.int,591 Hovde Center,Norfolk,Virginia,23520,4,1/13/2017
York&Espadas,0,yespadas2w@ocn.ne.jp,54374 Steensland Park,Ann Arbor,Michigan,48107,1,1/14/2017
Jackquelin&Vigers,0,jvigers8p@dion.ne.jp,0578 Clyde Gallagher Lane,Houston,Texas,77266,8,1/14/2017
Darrell&Ledbetter,1,dledbetter1y@smugmug.com,3 Annamark Crossing,New York City,New York,10175,1,1/14/2017
Sybil&Rennles,1,srennles7a@de.vu,1 Manitowish Terrace,Cincinnati,Ohio,45218,3,1/14/2017
Valentine&Searsby,1,vsearsbycp@china.com.cn,294 Toban Crossing,Washington,District of Columbia,20503,3,1/14/2017
L;urette&Lattie,0,llattieg@oakley.com,7 Donald Drive,Charleston,West Virginia,25326,9,1/15/2017
Stanislaw&Mottershead,0,smottershead1v@globo.com,2559 Namekagon Park,Jefferson City,Missouri,65110,3,1/15/2017
Griselda&Baumann,0,gbaumann86@google.com,52 Knutson Lane,,New York,,7,1/15/2017
Bear&Sharville,1,bsharvillecn@sina.com.cn,9 Mandrake Hill,Sacramento,California,94263,9,1/15/2017
Levi&Treherne,0,ltreherne33@domainmarket.com,666 Susan Terrace,Detroit,Michigan,48258,8,1/16/2017
Annalise&Beake,0,abeake46@diigo.com,7 1st Way,Bonita Springs,Florida,34135,1,1/16/2017
Mela&Veare,0,mveareax@ning.com,4542 Weeping Birch Drive,Jamaica,New York,11499,5,1/16/2017
Annecorinne&Gilbey,1,agilbey7o@state.tx.us,0283 Walton Pass,Louisville,Kentucky,40280,1,1/16/2017
Thorin&Le Marchand,0,tlemarchand21@multiply.com,6673 Anhalt Trail,Tampa,Florida,33620,4,1/17/2017
Brose&Biles,0,,64171 Harbort Circle,Charleston,West Virginia,,4,1/17/2017
Hamilton&Darke,0,hdarke9n@123-reg.co.uk,39998 Stone Corner Terrace,Washington,District of Columbia,20244,2,1/17/2017
Bobinette&Jerzak,0,bjerzak9r@uiuc.edu,26441 Red Cloud Parkway,Houston,Texas,77030,4,1/17/2017
Lonna&Baldacchino,0,lbaldacchinobr@jigsy.com,05471 Pleasure Crossing,Atlanta,Georgia,31196,9,1/17/2017
Barbaraanne&Sygroves,1,bsygroves4s@com.com,77 Lotheville Lane,,Kentucky,40524,2,1/17/2017
Jasmin&Harlick,0,jharlick20@comsenz.com,05126 Melody Road,Springfield,Illinois,62764,3,1/18/2017
Pam&Yes,0,pyes7l@google.ru,6039 Northwestern Way,,California,94913,3,1/18/2017
Yard&Danielski,1,ydanielski58@bandcamp.com,597 Schurz Lane,Arlington,Virginia,,6,1/18/2017
Neville&Rigler,1,nrigler6z@pbs.org,94 Warrior Place,Ogden,Utah,84409,2,1/18/2017
Clari&Vials,0,cvials2@biblegateway.com,50354 Village Green Trail,Berkeley,California,94712,3,1/19/2017
Jacynth&Taw,0,jtaw6f@cnn.com,20 Quincy Circle,Baltimore,Maryland,21290,6,1/19/2017
Gerrilee&Orhrt,0,gorhrt6i@telegraph.co.uk,556 Randy Alley,Philadelphia,Pennsylvania,19178,5,1/19/2017
Joya&Renshaw,1,jrenshaw1c@redcross.org,0175 Orin Alley,,North Carolina,27409,2,1/19/2017
Randene&Baltrushaitis,1,rbaltrushaitis8x@tinypic.com,8269 Weeping Birch Circle,Saint Louis,Missouri,63110,5,1/19/2017
Valerye&Jennemann,1,vjennemann8z@about.com,42 Briar Crest Alley,Pittsburgh,Pennsylvania,15240,6,1/19/2017
Barbi&Spiers,0,,9 Clove Hill,Miami,Florida,33190,3,1/20/2017
Doyle&Griffen,1,dgriffen2v@theglobeandmail.com,6 Onsgard Avenue,Chattanooga,Tennessee,37410,5,1/20/2017
Quintus&McMonies,1,qmcmonies3l@quantcast.com,92 Linden Lane,Akron,Ohio,44393,3,1/20/2017
Mycah&Helstrip,1,mhelstrip3s@cpanel.net,267 Dawn Place,Santa Barbara,California,93150,10,1/20/2017
See&Francesc,1,sfrancesc79@youtube.com,4 Mendota Lane,Knoxville,Tennessee,37931,10,1/20/2017
Duke&Yeend,1,dyeend83@vk.com,15771 Jackson Junction,Jamaica,New York,11407,5,1/20/2017
Yale&Menaul,0,ymenaul9@merriam-webster.com,2 Fallview Parkway,Sacramento,California,94291,4,1/21/2017
Justis&Immins,0,jimmins1w@bravesites.com,NIL,Syracuse,New York,13224,1,1/21/2017
Lilah&Sidebotton,0,lsidebotton7c@wsj.com,14 Forest Dale Road,Alexandria,Virginia,22333,10,1/21/2017
Ramsay&Norcliffe,1,rnorcliffeb@hud.gov,74194 Canary Hill,Bronx,New York,10454,4,1/21/2017
Alfie&Conerding,1,aconerding77@mtv.com,55169 Sage Drive,Philadelphia,Pennsylvania,19093,4,1/21/2017
Chrystal&Jeffrey,1,cjeffreyao@google.pl,1448 Red Cloud Trail,Grand Rapids,Michigan,49510,6,1/21/2017
Renault&Delafoy,1,rdelafoyay@ycombinator.com,87125 2nd Trail,Phoenix,Arizona,85072,5,1/21/2017
Duffie&Dunbar,0,ddunbar9z@slideshare.net,48 Rockefeller Crossing,Tulsa,,74184,10,1/22/2017
Aggy&Derks,0,aderksb2@umich.edu,09 Mosinee Lane,New York City,New York,,4,1/22/2017
Eddi&Culbert,1,eculbert8g@multiply.com,599 Grayhawk Avenue,Macon,Georgia,31210,5,1/22/2017
Georgy&Laverack,1,glaverack8v@e-recht24.de,0 Gulseth Road,Springfield,Missouri,,7,1/22/2017
Korney&Isoldi,1,kisoldibz@reddit.com,7 Coolidge Point,Honolulu,Hawaii,96850,3,1/22/2017
Martita&Luter,1,mlutercd@umn.edu,9977 Pond Place,West Palm Beach,Florida,33421,10,1/22/2017
Dulce&Doulden,0,ddoulden24@taobao.com,91 Dapin Alley,,Connecticut,6854,5,1/23/2017
Franz&Plascott,0,fplascott2l@hatena.ne.jp,332 Springs Road,Las Vegas,,89115,4,1/23/2017
Stuart&Timberlake,0,stimberlake7r@bloglovin.com,25 Oak Plaza,Charlotte,North Carolina,28242,7,1/23/2017
Padgett&Cantua,1,pcantua11@google.com,11384 Springs Plaza,San Antonio,Texas,,4,1/23/2017
Mirilla&Peabody,1,mpeabody15@oracle.com,86 Kings Street,El Paso,Texas,88525,1,1/23/2017
Tandy&Gelland,1,tgelland4a@rakuten.co.jp,525 Darwin Pass,Juneau,Alaska,99812,10,1/23/2017
Kiley&Woodhouse,1,kwoodhouse6l@dyndns.org,7815 Grim Court,Albany,New York,12210,7,1/23/2017
Grover&Popescu,1,gpopescu2y@pbs.org,321 Hoard Crossing,Kansas City,,64193,5,1/24/2017
Melania&Steger,1,mstegerd9@geocities.com,837 Amoth Hill,Honolulu,Hawaii,96825,2,1/24/2017
Kaylyn&Rohmer,0,krohmer3y@soup.io,83 Artisan Lane,El Paso,Texas,88553,7,1/25/2017
Collette&Aiskrigg,0,caiskrigg5n@dailymotion.com,036 Burning Wood Parkway,Mobile,Alabama,36670,8,1/25/2017
Lily&Jeffress,0,ljeffressco@google.com,4760 Delladonna Pass,New Haven,Connecticut,6520,8,1/25/2017
Kata&Wisson,1,kwissond6@techcrunch.com,0 Sachtjen Pass,Boston,Massachusetts,2208,4,1/25/2017
Burnaby&Legh,0,,1 Glendale Way,San Angelo,Texas,76905,1,1/26/2017
Collete&Aggis,0,caggis4x@oracle.com,39 Moose Center,Philadelphia,Pennsylvania,19146,4,1/26/2017
Margery&Shrawley,0,mshrawley6h@java.com,8 Havey Center,Hampton,Virginia,23663,3,1/26/2017
Meris&Hiddsley,0,mhiddsleyb1@springer.com,2 Oxford Crossing,,Texas,77255,7,1/26/2017
Binny&Daddow,1,bdaddow4@netlog.com,5721 Graceland Drive,Reading,,19605,6,1/26/2017
Larry&Hamberston,1,lhamberston1i@cornell.edu,20 Artisan Hill,Orlando,Florida,32819,1,1/26/2017
Rudie&Vagg,1,rvaggce@timesonline.co.uk,520 Sunnyside Circle,San Jose,California,95108,10,1/26/2017
Leeland&Inkpin,1,linkpind2@craigslist.org,3 Sunbrook Way,Kansas City,Missouri,64130,3,1/26/2017
Lizabeth&Dufton,1,ldufton5b@imgur.com,7 Spohn Street,Corona,California,92883,9,1/27/2017
Ilse&Lea,0,ileao@php.net,8 Claremont Alley,Vancouver,Washington,98682,6,1/28/2017
Dido&Rattenbury,0,,67424 Hanover Pass,Syracuse,New York,13205,9,1/28/2017
Romola&Fewell,0,rfewell6q@sina.com.cn,8298 Cherokee Park,Memphis,Tennessee,38188,6,1/28/2017
Gillie&Corneille,1,gcorneille7j@plala.or.jp,7037 Commercial Center,Huntington,West Virginia,25721,6,1/28/2017
Edwin&Kuhne,1,ekuhneaa@sciencedaily.com,348 Messerschmidt Pass,Denver,Colorado,80249,6,1/28/2017
Grantham&Dutnell,0,gdutnell2f@java.com,551 Sommers Circle,,District of Columbia,20436,6,1/29/2017
Vasilis&Horsewood,0,vhorsewood3d@lulu.com,1986 Comanche Avenue,Columbus,Ohio,43226,6,1/29/2017
Hersh&Bear,0,hbearal@printfriendly.com,1 Fieldstone Center,Hartford,Connecticut,6120,3,1/29/2017
Lida&Jobb,0,ljobbc9@tinyurl.com,274 Kenwood Parkway,Madison,Wisconsin,,3,1/29/2017
Oliver&Breton,1,obreton0@flickr.com,1 Express Park,,Nebraska,68110,9,1/29/2017
Emmye&Pingston,1,epingston5w@howstuffworks.com,5208 Cottonwood Terrace,San Francisco,California,94164,2,1/29/2017
Georgia&Crapper,1,gcrapperbu@columbia.edu,40 Green Street,Salt Lake City,Utah,84105,9,1/29/2017
Dougy&Tooker,1,dtookerct@si.edu,NIL,Chattanooga,Tennessee,37450,8,1/29/2017
Herby&Cayser,0,hcayserl@cornell.edu,0880 8th Crossing,Tampa,Florida,33615,3,1/30/2017
Ody&Gilli,0,ogilli3u@flavors.me,"ثم نفس سقطت وبالتحديد،, جزيرتي باستخدام أن دنو. إذ هنا؟ الستار وتنصيب كان. أهّل ايطاليا، بريطانيا-فرنسا قد أخذ. سليمان، إتفاقية بين ما, يذكر الحدود أي بعد, معاملة بولندا، الإطلاق عل إيو.",Raleigh,North Carolina,27658,1,1/30/2017
Dolly&Symcox,0,dsymcox44@youtube.com,1912 Vernon Park,Gulfport,Mississippi,39505,1,1/30/2017
Judi&Duignan,0,,8 Commercial Crossing,Spokane,Washington,99205,6,1/30/2017
Eve&McGawn,0,emcgawnam@japanpost.jp,492 Elgar Crossing,Evansville,Indiana,47725,2,1/30/2017
Kahaleel&Craik,0,kcraikcg@wired.com,6 Duke Point,Salt Lake City,Utah,84115,8,1/30/2017
Alf&Widdowes,1,awiddowesi@ovh.net,493 Mandrake Drive,Saint Louis,Missouri,63110,4,1/30/2017
Natty&Ismay,1,nismay39@myspace.com,2 Hoffman Hill,Norfolk,Virginia,,10,1/30/2017
Wayne&Spilsted,1,wspilsted7e@plala.or.jp,$1.00,Carlsbad,California,92013,5,1/30/2017
Michael&Kier,1,mkierbj@alexa.com,023 Spohn Road,Flint,Michigan,48505,4,1/30/2017
Alessandra&Hawthorn,0,ahawthorn8@fotki.com,592 Welch Place,Albany,New York,12262,3,1/31/2017
Mallorie&Thowless,0,mthowlessj@businessinsider.com,95478 Huxley Crossing,Seattle,Washington,98109,2,1/31/2017
Mauricio&Staziker,0,,1499 Lunder Court,Fresno,California,,8,1/31/2017
Colby&Gribbon,0,cgribbonbw@alibaba.com,172 Utah Park,Dayton,Ohio,45440,8,1/31/2017
Randie&Ovesen,1,rovesen1@ca.gov,9 Hoffman Avenue,Huntsville,Alabama,,6,1/31/2017
Haydon&Arnaudi,1,harnaudid1@ibm.com,20 Northport Pass,Tucson,Arizona,85754,3,1/31/2017
Juan&Wingeat,0,,74575 Thackeray Junction,Port Charlotte,Florida,33954,3,2/1/2017
Merrill&MacInnes,0,mmacinnese@mail.ru,5 Bonner Court,Memphis,Tennessee,38114,9,2/1/2017
Lucina&Earle,1,learle17@prlog.org,76402 Sherman Parkway,Harrisburg,Pennsylvania,17121,8,2/1/2017
Cris&Emms,1,cemms8o@squidoo.com,9 Hermina Terrace,Melbourne,Florida,32919,6,2/1/2017
Trista&Yielding,1,tyielding8u@tripod.com,86630 Morrow Lane,Salt Lake City,Utah,84110,6,2/1/2017
Melosa&Spurier,0,,7 Sunnyside Junction,Salt Lake City,Utah,84120,3,2/2/2017
Shawnee&Naughton,0,snaughton4m@howstuffworks.com,0778 Iowa Parkway,El Paso,Texas,79928,1,2/2/2017
Chelsy&Lovekin,1,clovekin2k@bloomberg.com,8 Delladonna Parkway,Baton Rouge,Louisiana,70894,9,2/2/2017
Christoph&Clara,1,,44053 Nova Alley,Oklahoma City,Oklahoma,,5,2/2/2017
Kelsy&Bycraft,1,kbycraft65@biglobe.ne.jp,02653 Porter Parkway,Southfield,Michigan,48076,7,2/2/2017
Rhody&Tweed,1,rtweed7z@buzzfeed.com,46507 Center Road,Miami,Florida,,8,2/2/2017
Gerty&Canceller,0,gcanceller5y@wired.com,6019 Onsgard Avenue,Port Saint Lucie,Florida,34985,2,2/3/2017
Nalani&Masi,0,,708 Arapahoe Drive,Tucson,Arizona,85748,8,2/3/2017
Benny&Grafton-Herbert,0,bgraftonherbert7n@seesaa.net,32428 Colorado Lane,Washington,District of Columbia,20215,10,2/3/2017
Tarrance&Hastelow,0,thastelow87@kickstarter.com,52747 Caliangt Plaza,Lansing,Michigan,48930,7,2/3/2017
Lem&Dykes,0,,8 Loomis Way,Santa Cruz,California,95064,3,2/3/2017
Alexandro&Feechum,1,afeechum4p@opensource.org,497 Thackeray Junction,Macon,Georgia,31210,4,2/3/2017
Manfred&Phateplace,1,mphateplace75@weibo.com,3 Mifflin Junction,Seattle,Washington,98158,4,2/3/2017
Wallie&Peegrem,1,wpeegrem91@hp.com,60 Sycamore Pass,Biloxi,Mississippi,39534,2,2/3/2017
Elinore&Burnsides,1,,54013 Scofield Hill,Tucson,Arizona,85754,2,2/3/2017
Libbi&Aikenhead,1,laikenheadba@samsung.com,30115 Reindahl Drive,Durham,North Carolina,27705,8,2/3/2017
Carlynn&Kittoe,1,ckittoec7@xing.com,2 Quincy Point,Miami,Florida,,2,2/3/2017
Chariot&McVicker,0,cmcvickerk@deviantart.com,66 Service Place,Saint Paul,,55188,10,2/4/2017
Emlyn&Brundall,0,ebrundall63@hostgator.com,1 Schmedeman Drive,Berkeley,California,94712,9,2/4/2017
Cheri&Lamartine,0,clamartine69@google.co.jp,91 Westridge Place,Daytona Beach,Florida,32128,9,2/4/2017
Meredeth&Matanin,0,mmatanin9k@ucoz.com,09534 Continental Parkway,,Texas,78470,1,2/4/2017
Fredia&Cassar,0,fcassarai@icio.us,53866 Hoard Place,Dallas,Texas,75358,5,2/4/2017
Caz&Moores,1,cmooresx@wp.com,1336 Elgar Crossing,,Alabama,,5,2/4/2017
Horatius&Playfair,1,,07 Tennessee Center,Amarillo,Texas,79105,7,2/4/2017
Kev&Burchell,1,kburchell9w@alibaba.com,7 Bowman Avenue,Des Moines,Iowa,50393,7,2/4/2017
Mariele&McEniry,1,mmcenirych@e-recht24.de,06 Beilfuss Street,Jefferson City,Missouri,65105,8,2/4/2017
Ossie&Pochon,0,opochon6t@newyorker.com,40 Manufacturers Center,Jeffersonville,Indiana,47134,3,2/5/2017
Bonnee&Walsom,0,,42928 North Junction,,Ohio,45271,9,2/5/2017
Guglielmo&Lethby,1,,92963 Hovde Pass,Tampa,,33605,6,2/5/2017
Orion&Flahy,1,oflahy7k@uol.com.br,70 Holy Cross Circle,Macon,Georgia,31296,6,2/5/2017
Em&Reddel,1,ereddel8q@dyndns.org,2 Jenna Court,Cleveland,Ohio,44118,4,2/5/2017
Brant&Hawkwood,1,bhawkwooddd@shinystat.com,17769 Redwing Alley,San Diego,California,92132,9,2/5/2017
Gabe&Tschirschky,0,gtschirschkyh@house.gov,3 Bunting Lane,Dallas,Texas,75236,5,2/6/2017
Burnard&Wildin,0,bwildin3n@pagesperso-orange.fr,01232 Thompson Center,El Paso,Texas,88579,5,2/6/2017
Kit&Keeltagh,0,,07 Linden Lane,Colorado Springs,Colorado,,3,2/6/2017
Cathyleen&Renney,1,crenneya@elegantthemes.com,228 Service Road,Jacksonville,Florida,32255,9,2/6/2017
Drusi&Barensky,1,dbarensky12@nyu.edu,3 Parkside Park,Norfolk,Virginia,23514,3,2/6/2017
Raffaello&Torn,1,rtorn5v@home.pl,-1.00E+02,College Station,Texas,77844,4,2/6/2017
Carolyn&Kacheller,1,ckacheller7m@tmall.com,3794 Michigan Trail,Los Angeles,California,90050,8,2/6/2017
Eryn&Harbidge,1,eharbidge7q@pagesperso-orange.fr,22 Kinsman Trail,,Georgia,31190,7,2/6/2017
Deirdre&Mustard,0,dmustard4u@geocities.com,233 Hanson Hill,Tampa,Florida,33615,7,2/7/2017
Raynell&Eilhermann,0,,189 Pleasure Street,Kansas City,Missouri,64109,3,2/7/2017
Ingeberg&Vivash,0,ivivash7v@bing.com,00 Roxbury Park,Washington,,20299,6,2/7/2017
Stephen&Breinlein,0,sbreinlein82@wiley.com,21 Fairfield Park,Fort Smith,Arkansas,,3,2/7/2017
Estell&Crocken,0,,437 Northridge Terrace,Panama City,Florida,,8,2/7/2017
Harriett&Tuminelli,1,htuminelli14@sciencedaily.com,75960 Washington Parkway,Lubbock,Texas,79415,1,2/7/2017
Lillian&Grass,1,lgrass1b@ehow.com,96 Mcguire Plaza,Hattiesburg,Mississippi,39404,4,2/7/2017
Ailey&Rattrie,1,arattrie5k@jiathis.com,336 International Hill,Shreveport,Louisiana,71166,3,2/7/2017
Debi&Finney,1,dfinneybb@hugedomains.com,7 Upham Place,Sioux Falls,South Dakota,,1,2/7/2017
Mindy&Jorgesen,1,mjorgesenbx@amazon.co.jp,9 Dottie Way,Knoxville,Tennessee,37919,3,2/7/2017
Siegfried&Rivilis,0,,36478 Burrows Place,Tampa,Florida,33633,2,2/8/2017
Michale&Clemenson,0,mclemensonb8@biblegateway.com,"בְּרֵאשִׁית, בָּרָא אֱלֹהִים, אֵת הַשָּׁמַיִם, וְאֵת הָאָרֶץ",Portsmouth,New Hampshire,3804,6,2/8/2017
Blondie&Hagwood,0,bhagwooddc@livejournal.com,3 Carey Park,San Diego,California,92186,3,2/8/2017
Shamus&Pottery,1,spotterybp@fotki.com,024 Kensington Avenue,Washington,District of Columbia,20299,7,2/8/2017
Hilton&Rydzynski,0,hrydzynski13@privacy.gov.au,65 Huxley Pass,Memphis,Tennessee,38104,1,2/9/2017
Pandora&Kinsey,0,pkinsey30@netscape.com,5033 Bartelt Plaza,Salt Lake City,Utah,84189,3,2/9/2017
Stafford&Scamerdine,0,sscamerdine3o@admin.ch,92 Lakeland Drive,Raleigh,North Carolina,27615,1,2/9/2017
Erskine&Lawlor,1,elawlor5o@nydailynews.com,37 Ridge Oak Junction,Oklahoma City,Oklahoma,73114,2,2/9/2017
Nero&Esel,1,nesel8e@networksolutions.com,6 Roxbury Junction,Charlotte,North Carolina,28299,2,2/9/2017
Paulita&Crossgrove,1,pcrossgrove8s@live.com,0 Debra Parkway,Oklahoma City,Oklahoma,73152,8,2/9/2017
Jaine&Fosten,1,jfosten97@comsenz.com,4834 Di Loreto Park,Saint Paul,Minnesota,55123,8,2/9/2017
Xenos&Minister,1,xministerd7@baidu.com,57185 3rd Way,,Oklahoma,74193,1,2/9/2017
Selie&Enderson,0,senderson2o@desdev.cn,51 1st Place,Charleston,West Virginia,25331,1,2/10/2017
Glennis&Stilly,0,,1 Caliangt Parkway,Erie,Pennsylvania,,9,2/10/2017
Michaella&Stapels,0,mstapelsc4@accuweather.com,24228 Daystar Terrace,Irvine,California,92717,7,2/10/2017
Roslyn&Bowkett,1,rbowkett9e@liveinternet.ru,82 Maple Way,Rockford,Illinois,61105,3,2/10/2017
Cassandre&Sommerscales,0,csommerscalesv@woothemes.com,8 Banding Lane,Las Cruces,,88006,1,2/11/2017
Hastings&Brumham,0,hbrumham1j@blogtalkradio.com,7021 Claremont Road,Tyler,,75705,10,2/11/2017
Elisa&Dansey,0,edansey9b@cbsnews.com,16 Lake View Crossing,Abilene,Texas,79605,2,2/11/2017
Deedee&Lejeune,1,dlejeunec1@amazon.co.uk,6981 Dovetail Alley,Montgomery,,36119,10,2/11/2017
Kerry&Beak,0,kbeak1g@hubpages.com,6 Gale Place,Corpus Christi,Texas,78465,10,2/12/2017
Fletcher&Collins,1,,045 Independence Center,El Paso,Texas,79994,3,2/12/2017
Arleen&Boskell,1,aboskell5t@epa.gov,28 Center Drive,Dulles,Virginia,,1,2/12/2017
Aura&Glenister,1,aglenister5u@dell.com,03264 Hallows Crossing,Brooklyn,New York,11241,4,2/12/2017
Shauna&Blandamere,1,sblandamere8t@so-net.ne.jp,0 Orin Circle,Des Moines,Iowa,,6,2/12/2017
Lianne&Morstatt,1,lmorstattbt@nyu.edu,2 Vidon Hill,San Antonio,,78250,7,2/12/2017
Welch&Hackly,0,whackly2c@ebay.co.uk,2212 Spohn Avenue,Pasadena,California,91117,3,2/13/2017
Daisie&Featherstonhaugh,0,,37 Emmet Alley,Cincinnati,Ohio,45249,1,2/13/2017
Damian&Mirams,0,dmirams7b@opera.com,3067 Rockefeller Alley,Wilmington,Delaware,19805,6,2/13/2017
Gawen&Aiskovitch,0,gaiskovitch9f@dyndns.org,Z̮̞̠͙͔ͅḀ̗̞͈̻̗Ḷ͙͎̯̹̞͓G̻O̭̗̮,Houston,Texas,77090,8,2/13/2017
Sandi&Koeppke,0,skoeppkea4@cnbc.com,46 Hanson Circle,Albany,Georgia,31704,3,2/13/2017
Mariele&Hollindale,0,mhollindalec5@wordpress.org,307 7th Alley,Dallas,Texas,75392,3,2/13/2017
Regen&Hinrichs,0,rhinrichscx@shareasale.com,95455 Fair Oaks Parkway,Alexandria,Louisiana,71307,7,2/13/2017
Lissi&Polley,1,lpolley7i@yahoo.com,2 Duke Parkway,Tampa,Florida,33680,3,2/13/2017
Pattie&Bellison,0,pbellison3v@netscape.com,27 Donald Park,Silver Spring,Maryland,20904,2,2/14/2017
Gui&Pendrey,0,gpendreyd4@fastcompany.com,698 Maple Wood Terrace,Alhambra,California,91841,8,2/14/2017
Jeannie&Wooddisse,1,jwooddissebd@apache.org,13457 Holy Cross Avenue,Washington,District of Columbia,20442,6,2/14/2017
Stephi&Burgin,1,,06550 Bunting Way,Portland,Oregon,97271,4,2/14/2017
Lissa&Holligan,1,lholligand5@uiuc.edu,7 Valley Edge Circle,Milwaukee,Wisconsin,53220,1,2/14/2017
Jelene&Sailes,0,,477 Granby Avenue,San Diego,California,92115,7,2/15/2017
Lucila&Kleisle,0,lkleisle9o@myspace.com,39 Crescent Oaks Crossing,Des Moines,Iowa,50310,4,2/15/2017
Karalee&Kift,0,kkiftb5@t.co,6974 Kenwood Park,Pasadena,California,91109,10,2/15/2017
Aldus&Robertis,1,arobertis1d@cocolog-nifty.com,1195 Prairie Rose Circle,El Paso,Texas,79916,3,2/15/2017
Pier&Murrells,1,pmurrells61@walmart.com,62 Pine View Lane,El Paso,Texas,88563,9,2/15/2017
Deane&Haines,0,dhaines52@qq.com,0011 Jay Circle,Tucson,,85754,3,2/16/2017
Zachary&Latour,0,,6500 Erie Place,Duluth,Georgia,30195,6,2/16/2017
Rowena&Orwell,0,,623 Main Alley,West Palm Beach,,33411,7,2/16/2017
Teirtza&Hares,0,tharesc3@ihg.com,56950 Monument Circle,Baton Rouge,Louisiana,70826,4,2/16/2017
Harlen&Taudevin,1,htaudevin42@goo.ne.jp,0 Mosinee Drive,Des Moines,Iowa,50393,2,2/16/2017
Eolande&Glen,1,eglen4q@spiegel.de,33 Hanover Road,Beaverton,Oregon,97075,8,2/16/2017
Marlow&Gunthorp,0,,4 Monica Road,Buffalo,New York,14269,7,2/17/2017
Jordon&Cromer,0,jcromer4j@google.com.br,75466 Mccormick Point,Memphis,Tennessee,38181,6,2/17/2017
Les&Fretter,0,lfretterdk@soup.io,673 Bay Center,Montgomery,Alabama,36195,9,2/17/2017
Carmita&Girodon,1,cgirodon29@barnesandnoble.com,5 Hoffman Court,Honolulu,Hawaii,96825,3,2/17/2017
Luce&Clow,1,lclow4o@cbc.ca,3397 Meadow Ridge Court,Lincoln,Nebraska,68510,9,2/17/2017
Calla&Goatman,1,cgoatman5i@amazonaws.com,24898 Pleasure Alley,Louisville,Kentucky,40287,2,2/17/2017
Edward&Hylands,0,ehylands98@buzzfeed.com,74393 Dexter Avenue,,District of Columbia,20046,1,2/18/2017
Paton&Hallagan,1,phallagan3t@shareasale.com,8401 Portage Parkway,Columbia,Missouri,65218,4,2/18/2017
Adaline&Avesque,1,aavesque89@odnoklassniki.ru,3241 Bobwhite Point,,,77266,9,2/18/2017
Harris&Sterricker,0,hsterricker19@surveymonkey.com,5 Gateway Plaza,Roanoke,Virginia,24034,9,2/19/2017
Zora&Charlotte,1,zcharlotte74@google.de,5134 Sugar Pass,Omaha,,68110,4,2/19/2017
Josephina&Phythean,0,jphythean2t@princeton.edu,2356 Sutherland Alley,El Paso,Texas,79989,4,2/20/2017
Timmy&Eacott,0,teacott45@ebay.com,91 Rutledge Avenue,Montgomery,Alabama,36125,2,2/20/2017
Kassie&Hemphall,0,khemphall9g@joomla.org,0436 Sugar Plaza,,Virginia,23509,9,2/20/2017
Magdalena&Missington,0,mmissingtondf@privacy.gov.au,8 Prairie Rose Crossing,Anchorage,Alaska,99599,3,2/20/2017
Idette&Catterson,1,icatterson1z@arstechnica.com,2 Nancy Drive,New York City,New York,10014,5,2/20/2017
Jammie&Cousans,1,jcousans2a@a8.net,58 Larry Drive,Hagerstown,Maryland,21747,8,2/20/2017
Thadeus&Handrok,1,thandrok8c@hud.gov,32 Gina Alley,Bakersfield,California,93311,7,2/20/2017
Fawnia&Guerreru,1,fguerreruap@homestead.com,73620 Scott Avenue,Topeka,Kansas,66629,2,2/20/2017
Kimbell&Duns,0,kduns95@multiply.com,968 Columbus Plaza,Montgomery,Alabama,36119,10,2/21/2017
Rubi&Hare,1,rharem@gmpg.org,29 Riverside Plaza,Memphis,Tennessee,38104,9,2/21/2017
Tiffanie&Batterson,1,tbattersonu@msn.com,8 Northfield Terrace,Nashville,,37235,1,2/21/2017
Tim&Shimwell,1,tshimwell6m@nydailynews.com,6811 North Pass,Montgomery,Alabama,36125,6,2/21/2017
Lind&Manvelle,1,lmanvelle2s@weebly.com,58499 Logan Court,Jacksonville,,32215,3,2/22/2017
Amii&Andrewartha,1,aandrewartha4w@state.tx.us,185 Northport Crossing,Saint Louis,Missouri,63104,7,2/22/2017
Keri&Aitken,1,,01 Esker Pass,San Antonio,Texas,,10,2/22/2017
Ricki&Malafe,0,rmalafe7g@yahoo.co.jp,739 Wayridge Center,Chicago,Illinois,60663,7,2/23/2017
Ambur&Cargen,1,acargen10@jiathis.com,300 Lindbergh Way,Brooksville,Florida,34605,9,2/23/2017
Isidora&Brodley,1,ibrodleybc@wikispaces.com,55 Graceland Circle,Austin,Texas,78726,9,2/23/2017
Jessey&Heinssen,1,jheinssen31@cnn.com,1 Cambridge Street,Sterling,Virginia,20167,6,2/24/2017
Lauralee&Bigglestone,1,lbigglestone4z@xrea.com,151 Green Ridge Street,,North Carolina,28210,10,2/24/2017
Aloin&Dorot,1,,209 Sachtjen Court,Jamaica,New York,11407,9,2/24/2017
Lynde&Hallgalley,1,lhallgalleyaw@prlog.org,1476 Weeping Birch Court,Gary,Indiana,46406,8,2/24/2017
Loren&Hillhouse,0,lhillhoused8@naver.com,54 Fair Oaks Way,Jacksonville,Florida,,3,2/25/2017
Papagena&Heatley,1,pheatley4n@unesco.org,9124 Lighthouse Bay Court,Eugene,Oregon,97405,4,2/25/2017
Misha&Shevill,1,,8151 Straubel Alley,,,,7,2/25/2017
Aryn&Aiken,1,aaiken73@narod.ru,3423 Jenifer Place,San Antonio,,78240,8,2/25/2017
Michail&Rozzell,1,,84 Tony Park,Boise,,83727,7,2/25/2017
Donnamarie&Simpson,1,dsimpsonat@blogspot.com,714 Southridge Trail,Fort Lauderdale,Florida,33355,3,2/25/2017
Edouard&Teasdale,0,eteasdale2x@blinklist.com,15 Brentwood Alley,Shawnee Mission,Kansas,66215,10,2/26/2017
Lanna&Hatton,0,lhatton8h@fda.gov,52511 Hovde Street,Saint Louis,,63116,1,2/26/2017
Erv&Glenton,0,,0 Loomis Circle,El Paso,Texas,88563,8,2/26/2017
Elisabeth&Swadlin,1,eswadlin7u@sciencedirect.com,13 Cody Hill,San Francisco,California,94164,1,2/26/2017
Kip&Edess,1,kedessbl@elpais.com,60299 Eliot Place,Jacksonville,Florida,,10,2/26/2017
Tarrah&Glasscoe,0,,1096 Lakewood Gardens Park,Memphis,Tennessee,38104,5,2/27/2017
Nevins&Vennings,0,,91 Talisman Place,San Antonio,Texas,78225,2,2/27/2017
Sadella&Grimmett,1,sgrimmett92@cpanel.net,07 Mallory Pass,Erie,Pennsylvania,16534,9,2/27/2017
Antonio&Dosedale,1,adosedalecc@trellian.com,1814 Rigney Lane,Dallas,Texas,75367,1,2/27/2017
Chilton&O'Sculley,0,cosculleyf@amazon.com,4 Fulton Lane,New York City,New York,10029,6,2/28/2017
Emmet&Shaw,0,eshawn@github.io,63008 Gale Parkway,Delray Beach,Florida,,2,2/28/2017
Jereme&Schiementz,0,jschiementz2u@github.io,65968 Karstens Pass,Santa Rosa,California,95405,1,2/28/2017
Diarmid&Van Dalen,0,dvandalenc2@sbwire.com,6 Brown Alley,Green Bay,Wisconsin,54313,9,2/28/2017
Zolly&Clooney,1,zclooneyq@oracle.com,4 Twin Pines Court,Camden,New Jersey,8104,5,2/28/2017
Teddie&Waldron,1,twaldron1e@tinyurl.com,48001 Huxley Court,,Alabama,36177,6,2/28/2017
Chrisy&Kunkel,1,ckunkel4b@senate.gov,32 Warrior Center,Decatur,Georgia,,2,2/28/2017
Iver&Ricardon,1,iricardon9c@plala.or.jp,5 Moose Place,Jacksonville,Florida,32225,8,2/28/2017
Franchot&Attride,0,fattride56@fc2.com,48437 Johnson Center,Bozeman,,59771,3,3/1/2017
Imogene&Baskerfield,0,ibaskerfieldaj@hhs.gov,53 Kenwood Road,San Francisco,California,94159,5,3/1/2017
Molli&Zukerman,1,,5 Farragut Hill,Austin,Texas,,1,3/1/2017
Farlie&Bony,1,fbony9s@yale.edu,557 Kenwood Alley,Buffalo,New York,14263,3,3/1/2017
Tamar&Kinsella,1,tkinsellaa0@cam.ac.uk,7864 Roxbury Lane,Fort Worth,Texas,76115,8,3/1/2017
Juana&Siemon,1,jsiemonar@wired.com,80 Randy Hill,Baton Rouge,Louisiana,70805,3,3/1/2017
Georges&Daughton,1,gdaughtonci@google.es,31 Armistice Junction,Santa Cruz,California,95064,9,3/1/2017
Ula&Khadir,0,ukhadir3k@icio.us,0 Green Plaza,Omaha,Nebraska,68164,6,3/2/2017
Carey&Leadbetter,0,cleadbetter43@biblegateway.com,4019 Spaight Terrace,,Texas,79923,1,3/2/2017
Jenda&Stilwell,0,jstilwellbk@theglobeandmail.com,74 East Place,Elmira,New York,14905,5,3/2/2017
Stacy&Lutsch,1,slutsch4f@state.tx.us,00 Tennessee Avenue,Visalia,California,,7,3/2/2017
Lucky&Folk,1,lfolk4v@storify.com,51083 Moulton Place,San Francisco,California,94159,9,3/2/2017
Emmye&Wicken,1,ewicken5a@so-net.ne.jp,6 Ludington Drive,Macon,Georgia,,3,3/2/2017
Roarke&Applewhaite,0,rapplewhaite16@senate.gov,07321 Sunbrook Park,El Paso,Texas,88574,10,3/3/2017
Rori&Megarry,0,rmegarry1u@unicef.org,!@#$%^&*(),Waterbury,Connecticut,,6,3/3/2017
Coleman&Swettenham,0,cswettenham26@examiner.com,7439 Village Green Circle,Orange,,92668,4,3/3/2017
Valdemar&McNalley,0,vmcnalley8m@bing.com,69673 Novick Hill,El Paso,Texas,88514,7,3/3/2017
Antonetta&Beazleigh,0,abeazleighak@disqus.com,1 Russell Center,Wilmington,North Carolina,,10,3/3/2017
Herc&Rosi,0,,﻿,Baton Rouge,Louisiana,70883,7,3/3/2017
Sherrie&Keppie,0,skeppiebf@people.com.cn,194 Atwood Court,Sacramento,California,,4,3/3/2017
Trixi&Frend,1,tfrend5h@scientificamerican.com,4 Waywood Street,Gainesville,Florida,32610,1,3/3/2017
Selie&Macbeth,1,smacbeth78@storify.com,788 Bobwhite Road,Huntington,West Virginia,25716,5,3/3/2017
Nert&Caville,0,ncaville3q@fema.gov,79285 Logan Place,Henderson,Nevada,,4,3/4/2017
Carita&Emanueli,0,cemanuelibo@com.com,1 Luster Terrace,Anchorage,Alaska,99507,5,3/4/2017
Derick&Duell,1,dduell5e@cpanel.net,73076 Anthes Avenue,Roanoke,Virginia,24040,9,3/4/2017
Arliene&Verrillo,1,averrillo6y@miitbeian.gov.cn,1951 Buell Drive,,California,93715,6,3/4/2017
Harv&Dowdney,1,hdowdney80@cbc.ca,8721 New Castle Center,Washington,District of Columbia,20508,5,3/4/2017
Felicio&Philippault,1,,1 Paget Center,Silver Spring,Maryland,20910,6,3/4/2017
Danica&Prudham,0,dprudham1n@163.com,4669 Dahle Crossing,Nashville,Tennessee,37220,9,3/5/2017
Jeanne&Gianinotti,0,jgianinotti1t@delicious.com,93240 Schurz Plaza,Bonita Springs,,34135,6,3/5/2017
Ephrem&Buttrum,0,ebuttrum70@omniture.com,社會科學院語學研究所,Dayton,Ohio,45454,6,3/5/2017
Harmony&Ruberti,1,hruberti4i@issuu.com,3471 Anthes Center,,Florida,,3,3/5/2017
Renata&Kleinbaum,1,rkleinbaum60@facebook.com,00679 Rusk Circle,,,60691,8,3/5/2017
Dukey&Dearness,1,ddearnesscl@nsw.gov.au,17680 Mcbride Pass,Akron,Ohio,44310,3,3/5/2017
Inge&Lamcken,1,,93410 Fisk Alley,Austin,,78754,10,3/5/2017
Ruddy&Bownes,0,rbownesdh@gnu.org,84 Arrowood Point,Allentown,Pennsylvania,18105,9,3/6/2017
Lauri&Cardillo,1,lcardillo9q@youtube.com,0718 Buhler Place,Nashville,Tennessee,37240,3,3/6/2017
Sinclair&Kaye,1,,2298 Lillian Crossing,,Ohio,45218,10,3/6/2017
Chery&Turford,1,cturfordah@newyorker.com,1;DROP TABLE users,Honolulu,Hawaii,96850,5,3/6/2017
Luise&Sturton,0,lsturtonp@flavors.me,8071 Amoth Place,Littleton,Colorado,80127,5,3/7/2017
Myranda&Chettle,0,,03590 Hoepker Court,Staten Island,New York,10310,9,3/7/2017
Justen&Tape,0,jtapebg@163.com,87330 Cardinal Street,Phoenix,Arizona,85015,5,3/7/2017
Agneta&Elstob,0,aelstobcu@quantcast.com,3 Trailsway Alley,Chandler,Arizona,85246,2,3/7/2017
Gerald&Lintall,0,glintalld3@gov.uk,5 Center Pass,Madison,,53710,1,3/7/2017
Al&Edess,1,aedess8j@economist.com,27 Hollow Ridge Parkway,Raleigh,North Carolina,27615,10,3/7/2017
Elset&Gaitskill,1,egaitskillck@yelp.com,6968 Waywood Avenue,Anchorage,Alaska,99507,5,3/7/2017
Katrinka&Beaten,0,kbeateny@cocolog-nifty.com,8673 Jenna Way,Marietta,Georgia,30061,10,3/8/2017
Dugald&Fuente,0,dfuente5z@tamu.edu,8 Dakota Point,,Pennsylvania,16505,1,3/8/2017
Kip&Kettlestringes,1,kkettlestringesb7@huffingtonpost.com,1'; DROP TABLE users--,,Texas,88541,10,3/8/2017
Thibaut&Iddon,1,tiddonbm@pen.io,01977 Pennsylvania Crossing,Fort Worth,Texas,76178,8,3/8/2017
Dulci&Pedrocco,0,dpedrocco1l@xinhuanet.com,7 Talmadge Parkway,Washington,District of Columbia,20260,4,3/9/2017
Dehlia&Gales,0,,307 Northfield Lane,Milwaukee,Wisconsin,53285,8,3/9/2017
Angeline&Titt,0,atitt6w@latimes.com,04 1st Plaza,Omaha,Nebraska,,7,3/9/2017
Gayler&Daen,0,gdaenas@squarespace.com,214 Holmberg Crossing,Columbus,Georgia,31904,2,3/9/2017
Virge&Nottram,0,,8 2nd Place,Saint Louis,,,1,3/10/2017
Ranna&Brassill,0,rbrassill2h@simplemachines.org,67 Myrtle Junction,Shawnee Mission,Kansas,66225,6,3/10/2017
Finlay&Hradsky,1,fhradsky1p@nba.com,52 Derek Road,Monticello,Minnesota,55565,1,3/10/2017
Olav&Fitchew,1,ofitchew4t@about.me,2236 Manley Center,,Illinois,,2,3/10/2017
Josephine&Slimon,1,jslimon7h@uiuc.edu,212 Continental Junction,New Brunswick,New Jersey,8922,9,3/10/2017
Pepita&Trosdall,1,ptrosdall8i@scribd.com,93241 Dottie Road,Madison,Wisconsin,53716,2,3/10/2017
Alaster&Stroobant,1,astroobantaq@sfgate.com,442 Victoria Plaza,Greensboro,North Carolina,27415,10,3/10/2017
Marilyn&Colleton,0,mcolleton2z@sohu.com,5 Gerald Drive,Springfield,Illinois,62705,7,3/11/2017
Tomasina&Belding,0,,691 Thierer Center,Chesapeake,Virginia,23324,6,3/11/2017
Katerine&Jefferson,1,kjefferson3x@technorati.com,843 Butterfield Drive,Ocala,Florida,34474,3,3/11/2017
Florry&Lauderdale,1,flauderdale6o@bigcartel.com,835 Northview Lane,Manassas,,22111,7,3/11/2017
Ulric&Jessope,0,,5 Stephen Alley,Columbus,,43231,8,3/12/2017
Marylee&Mylan,1,mmylan2i@uol.com.br,702 Magdeline Terrace,Kansas City,Missouri,64101,8,3/12/2017
Concettina&Bownass,1,cbownass49@tripadvisor.com,5832 Declaration Center,El Paso,Texas,79989,7,3/12/2017
Zara&Hugues,0,zhugues1k@mozilla.com,36 Truax Way,Bradenton,Florida,34282,5,3/13/2017
Carolann&Palia,0,cpalia3e@flickr.com,74782 5th Point,Jackson,Mississippi,39296,3,3/13/2017
Deerdre&Allum,0,dallum66@1688.com,3559 Holmberg Plaza,Louisville,Kentucky,40210,9,3/13/2017
Hillie&Bowerbank,0,hbowerbank9i@soup.io,1 Dawn Pass,Tucson,Arizona,85748,4,3/13/2017
Josephina&Tommasi,0,jtommasib0@squidoo.com,22518 Truax Center,Santa Monica,California,90410,10,3/13/2017
Clement&Crumbie,1,ccrumbie1q@cmu.edu,"""'""'""''''""",Grand Rapids,Michigan,49505,5,3/13/2017
Sal&Stradling,0,sstradlingbs@cbslocal.com,8 Marquette Point,Suffolk,Virginia,23436,1,3/14/2017
Ralina&Killgus,1,rkillgus18@theguardian.com,63 Graedel Plaza,,California,,3,3/14/2017
Seana&Mussard,1,smussard1s@amazonaws.com,39987 Maryland Court,Norwalk,Connecticut,6854,2,3/14/2017
Jordan&Cardero,1,jcardero23@slate.com,72914 Lyons Circle,Salt Lake City,Utah,84105,2,3/14/2017
Javier&Hofer,1,jhofer4h@epa.gov,72 Butterfield Road,Pittsburgh,Pennsylvania,15235,2,3/14/2017
Hildy&Hardy-Piggin,1,hhardypiggin53@chron.com,21436 Grasskamp Center,New York City,New York,10099,1,3/14/2017
Flinn&MacNeill,1,fmacneill94@cpanel.net,7 Thompson Alley,Newark,Delaware,19725,7,3/14/2017
Lloyd&Paternoster,0,lpaternoster35@skyrock.com,32446 Morrow Court,Sacramento,California,95838,6,3/15/2017
Ellene&Else,0,eelse57@ox.ac.uk,78114 Oak Valley Road,Atlanta,,30316,10,3/15/2017
Rochester&Perelli,0,rperelli7t@xrea.com,78138 Amoth Avenue,Beaufort,South Carolina,29905,4,3/15/2017
Cassy&Ducastel,1,,16907 Claremont Terrace,,Texas,77206,3,3/15/2017
Hedwiga&Guesford,1,hguesford7p@feedburner.com,75819 Charing Cross Place,Washington,District of Columbia,20535,4,3/15/2017
Keane&Le Barr,1,klebarrcf@photobucket.com,84 Harper Place,Albuquerque,New Mexico,87115,9,3/15/2017
Colby&Jurek,1,cjurekcq@narod.ru,8604 Caliangt Alley,Lake Worth,,33467,8,3/15/2017
Craggy&Sproson,1,csprosoncs@furl.net,9 Rockefeller Alley,Sioux Falls,South Dakota,57105,3,3/15/2017
Candra&Huygens,0,chuygens7@dedecms.com,7062 Anderson Park,Muskegon,Michigan,49444,2,3/16/2017
Tuckie&Staries,0,tstaries1m@homestead.com,1 Nelson Court,Oklahoma City,Oklahoma,73167,3,3/16/2017
Claude&Keelin,0,ckeelin9x@dagondesign.com,8 Blackbird Road,Portland,Oregon,97216,9,3/16/2017
Allard&Escot,0,aescot1h@cornell.edu,21 Pepper Wood Point,Irving,Texas,75062,2,3/17/2017
Ermina&Capaldo,0,ecapaldo6u@weebly.com,39882 Eggendart Road,Providence,Rhode Island,,10,3/17/2017
Fraser&Moralas,0,fmoralas8b@columbia.edu,37189 Kropf Crossing,Canton,Ohio,,6,3/17/2017
Dulcea&Lockhurst,0,dlockhurstb4@goo.gl,7725 Iowa Street,Washington,District of Columbia,,7,3/17/2017
Laurette&Mackerness,1,lmackerness5s@e-recht24.de,9589 Susan Avenue,Norwalk,,6859,2,3/17/2017
Sansone&MacGilrewy,1,smacgilrewy76@reverbnation.com,0 Victoria Center,Boise,Idaho,,2,3/17/2017
Stefania&Wines,1,swines8d@imdb.com,974 Havey Hill,Atlanta,Georgia,31119,10,3/17/2017
Neille&Solomonides,1,nsolomonidesbn@prnewswire.com,8644 Holy Cross Court,Denver,Colorado,80299,9,3/17/2017
Neda&Skamal,0,nskamal54@wsj.com,09678 Spaight Parkway,Albany,New York,12210,9,3/18/2017
Blake&Kippling,0,bkippling5f@forbes.com,0 Oak Valley Pass,San Jose,California,95133,4,3/18/2017
Alexia&Klimkovich,0,aklimkovicha9@shutterfly.com,802 Hermina Drive,Albuquerque,,,4,3/18/2017
Rosana&Drayson,1,,560 Old Shore Drive,,Nevada,89115,10,3/18/2017
Petrina&Maasze,1,,0505 Waywood Hill,Lake Charles,Louisiana,,5,3/18/2017
Eve&Beaulieu,0,ebeaulieud@engadget.com,1844 Debra Center,Fort Lauderdale,Florida,33305,6,3/19/2017
Karna&Walshaw,0,kwalshaw1o@wikispaces.com,187 Emmet Park,Terre Haute,Indiana,47812,7,3/19/2017
Giusto&Booy,0,gbooy38@seattletimes.com,5 Nelson Junction,Greenville,South Carolina,29605,10,3/19/2017
Jud&Mardall,0,jmardall6n@marriott.com,86901 Hermina Pass,Houston,Texas,,10,3/19/2017
Ebeneser&Soltan,0,esoltan88@wikispaces.com,7 Pond Lane,Jamaica,New York,11447,1,3/19/2017
Orton&Brazer,0,obrazerbh@goo.gl,34 Raven Plaza,Cleveland,Ohio,44111,8,3/19/2017
Glynda&Semeniuk,0,gsemeniukcw@japanpost.jp,09 Shasta Park,Harrisburg,Pennsylvania,17110,10,3/19/2017
Kate&Erswell,1,,6445 Doe Crossing Way,El Paso,Texas,88589,2,3/19/2017
Ches&Woodyeare,1,cwoodyeare36@google.pl,72583 Mariners Cove Way,Lake Worth,Florida,33467,10,3/19/2017
Reece&Gamil,1,rgamil9l@businessweek.com,6976 Grasskamp Crossing,,Missouri,,4,3/19/2017
Dasi&Eyers,0,deyers9t@shutterfly.com,02407 Iowa Road,Schenectady,New York,12325,2,3/20/2017
Monty&McCutheon,0,mmccutheona1@usgs.gov,3 Fairview Avenue,Colorado Springs,Colorado,80935,9,3/20/2017
Penni&Beedie,1,pbeediec@utexas.edu,00511 Spohn Park,Kent,Washington,98042,1,3/20/2017
Heinrick&Sutter,1,hsutter2b@craigslist.org,74754 6th Junction,Seattle,Washington,98115,6,3/20/2017
Tannie&Slateford,1,tslateforddj@icq.com,651 Stephen Plaza,San Jose,California,95118,1,3/20/2017
Desirae&Sivess,0,dsivessw@foxnews.com,01 Maryland Crossing,Pasadena,California,91186,3,3/21/2017
Janice&Yukhnev,0,,9 Valley Edge Park,,Arizona,85053,10,3/21/2017
Arlen&Pietruszka,0,apietruszkaa5@state.gov,20 Crownhardt Alley,Tacoma,Washington,98447,5,3/21/2017
Brandi&Banham,1,bbanham6c@ocn.ne.jp,801 Hermina Terrace,Gilbert,Arizona,85297,2,3/21/2017
Beatrisa&Soppit,1,bsoppit7w@amazon.co.uk,08685 Raven Lane,Springfield,Illinois,62776,7,3/21/2017
Aura&Kett,0,akett3z@skype.com,69 Fordem Terrace,Hamilton,Ohio,45020,9,3/22/2017
Queenie&Allmark,0,,06273 Sunnyside Street,Pocatello,Idaho,83206,5,3/22/2017
Cary&Curnucke,0,ccurnucke81@hibu.com,31 Melby Park,Houston,Texas,77035,7,3/22/2017
Lindy&Cracknall,0,lcracknall99@marketwatch.com,12 Gale Road,Sacramento,California,94291,6,3/22/2017
Elsie&Anger,1,eanger3@flickr.com,3620 Redwing Junction,Danbury,Connecticut,6816,1,3/22/2017
Elspeth&Fallen,1,efallen27@instagram.com,617 Roxbury Avenue,Pomona,,91797,2,3/22/2017
Art&Swindle,0,aswindle5d@harvard.edu,5364 Prairie Rose Place,,Missouri,65211,4,3/23/2017
Hewe&Cheavin,0,hcheavinaz@ed.gov,43 Rigney Lane,Orlando,Florida,32868,7,3/23/2017
Lefty&Denley,1,ldenley28@is.gd,6721 Florence Circle,New Orleans,Louisiana,70154,9,3/23/2017
Shayne&Le Ball,1,,53 Rowland Way,Corpus Christi,Texas,78465,10,3/23/2017
Francine&Upstone,1,fupstone5c@ucsd.edu,304 Nobel Hill,Scranton,,18505,10,3/23/2017
Isadore&Quinlan,1,iquinlan9d@ebay.co.uk,257 Montana Street,,New Jersey,8619,7,3/23/2017
Sasha&Stinson,1,sstinsonav@google.it,5438 Washington Street,Rochester,New York,14639,8,3/24/2017
Sibelle&Hollingsby,1,shollingsbyby@soup.io,1 Eastwood Street,Tucson,Arizona,85710,5,3/24/2017
Merlina&Tilley,0,mtilley2j@walmart.com,9845 Porter Avenue,Watertown,Massachusetts,,1,3/25/2017
Eleanore&Stampfer,0,estampfer47@woothemes.com,41860 Canary Court,Cincinnati,Ohio,45223,5,3/25/2017
Leoline&Braunston,0,lbraunston4e@dell.com,28822 Gale Way,Washington,District of Columbia,20599,3,3/25/2017
Burt&Froome,0,,3 Graceland Pass,Washington,District of Columbia,20380,8,3/25/2017
Dannye&De Cruze,1,,-1.00E+02,Loretto,Minnesota,,5,3/25/2017
Kaitlynn&Yakunin,1,kyakunin4r@imageshack.us,807 Lyons Place,Houston,Texas,,5,3/25/2017
Zuzana&Haquin,1,zhaquin50@mapy.cz,52 Ridgeway Way,Portland,Oregon,97286,7,3/25/2017
Bradford&Iacivelli,0,,5623 Northfield Road,Albany,New York,12227,1,3/26/2017
Veronika&O'Kieran,1,vokieranc6@home.pl,61983 Colorado Trail,Charlotte,,28272,8,3/26/2017
Mariquilla&Maskew,0,mmaskew6@xinhuanet.com,923 Gerald Terrace,Boston,,2216,3,3/27/2017
Alina&Normandale,0,,1 Lakeland Road,San Jose,California,,10,3/27/2017
Sallyann&Gauvain,0,sgauvaindb@feedburner.com,2 Westerfield Place,Washington,District of Columbia,20210,6,3/27/2017
Madelin&Wanderschek,0,mwanderschekdg@google.nl,3 Pepper Wood Junction,Metairie,Louisiana,70033,9,3/27/2017
Deeann&Vurley,1,dvurley2m@boston.com,9837 Judy Street,New Orleans,Louisiana,70149,8,3/27/2017
Ilyse&Brownbill,1,ibrownbill5l@pbs.org,6514 Havey Place,Birmingham,Alabama,35220,6,3/27/2017
Gabrila&Bilsborrow,1,gbilsborrow8w@bloglines.com,010 Esker Junction,Richmond,Virginia,23260,4,3/27/2017
Valeria&Musgrave,1,vmusgravea3@microsoft.com,091 Scofield Pass,Miami,Florida,33142,2,3/27/2017
Onfre&Churchard,0,ochurchard5p@addthis.com,3839 Knutson Pass,Oakland,,94660,3,3/28/2017
Alair&Lodevick,0,,7 Lerdahl Avenue,Indianapolis,Indiana,,8,3/28/2017
Reuven&Van der Spohr,1,rvanderspohr3b@slashdot.org,018 Elmside Center,Orlando,Florida,32859,5,3/28/2017
Zuzana&Riseley,1,zriseley51@indiegogo.com,88 Hayes Drive,Inglewood,California,,5,3/28/2017
Verna&Carlet,1,,1583 Sachs Alley,San Antonio,Texas,78255,3,3/29/2017
Jonis&Polson,1,jpolson6v@who.int,9227 Mccormick Center,Naperville,Illinois,60567,7,3/29/2017
Frederica&Cassimer,1,fcassimercy@cam.ac.uk,427 Eagle Crest Court,Apache Junction,,85219,1,3/29/2017
Phedra&Downing,0,pdowning5q@github.io,1 East Center,Denver,Colorado,80279,4,3/30/2017
Lynea&Meier,0,lmeier9j@google.com,69346 Pennsylvania Point,Birmingham,Alabama,35231,2,3/30/2017
Gawain&Timms,0,gtimmsa6@ft.com,88476 Sullivan Trail,Houston,Texas,,5,3/30/2017
Sal&Ormonde,0,sormondeac@jugem.jp,5967 Packers Trail,Portsmouth,New Hampshire,214,2,3/30/2017
Lief&Janc,0,ljancbi@craigslist.org,66672 Kings Trail,Charlotte,North Carolina,28263,1,3/30/2017
Paxon&Gudgeon,1,,2727 Sheridan Junction,Louisville,Kentucky,40250,10,3/30/2017
Jonathon&Zorzenoni,1,jzorzenoni4l@storify.com,23 Hooker Trail,Buffalo,New York,14225,3,3/30/2
